Chain,ResidueNumber,Phi,Psi
A,1,,161.26
A,2,-83.34,-78.86
A,3,44.63,-123.51
A,4,102.42,147.30
A,5,-89.09,-176.85
A,6,-59.28,-80.46
A,7,-52.44,-47.48
A,8,-44.84,-50.44
A,9,-55.19,-53.80
A,10,-45.66,-67.76
A,11,-53.96,-30.13
A,12,-71.41,-23.50
A,13,-66.79,-67.50
A,14,-42.56,-3.25
A,15,-80.55,-34.68
A,16,-132.82,32.69
A,17,-154.36,79.59
A,18,-56.17,138.01
A,19,64.49,-164.09
A,20,65.99,33.87
A,21,-48.32,-52.10
A,22,-44.49,-40.48
A,23,-55.16,-77.91
A,24,-27.89,-73.86
A,25,-23.56,-73.17
A,26,-44.99,-83.67
A,27,-12.83,-49.67
A,28,-71.58,-42.69
A,29,-54.41,-11.26
A,30,-95.32,-32.09
A,31,-89.57,-12.87
A,32,-97.55,-41.45
A,33,-54.92,-34.45
A,34,-42.57,-84.32
A,35,-40.47,-60.72
A,36,-35.43,-68.42
A,37,-10.79,-82.32
A,38,-33.36,-52.71
A,39,-63.83,46.71
A,40,-126.30,-98.69
A,41,-144.84,-130.72
A,42,-110.58,-39.59
A,43,-50.84,-75.88
A,44,-80.12,-0.29
A,45,-69.73,-28.80
A,46,-119.22,22.40
A,47,-137.30,-4.41
A,48,-103.47,154.60
A,49,-138.90,111.88
A,50,-39.33,125.07
A,51,-80.41,73.67
A,52,-50.20,148.00
A,53,-127.84,133.23
A,54,-107.29,117.01
A,55,-109.50,73.20
A,56,-68.48,119.20
A,57,164.70,154.91
A,58,-22.52,165.85
A,59,-102.46,142.36
A,60,79.39,32.66
A,61,-122.50,-6.22
A,62,136.43,-10.66
A,63,-33.79,-61.34
A,64,-51.19,-63.72
A,65,-63.98,-27.21
A,66,-59.73,-41.93
A,67,-74.11,-56.35
A,68,-36.84,-45.04
A,69,-87.43,-47.04
A,70,-38.46,-52.06
A,71,-65.40,-43.48
A,72,-50.07,-31.46
A,73,-100.28,-9.02
A,74,-73.94,-14.96
A,75,44.04,46.18
A,76,-94.81,157.38
A,77,-80.03,137.20
A,78,-140.72,135.82
A,79,-141.07,141.83
A,80,-104.80,116.50
A,81,-111.12,135.57
A,82,-84.53,142.71
A,83,-72.53,-51.11
A,84,-17.92,-86.77
A,85,-6.31,-67.92
A,86,-61.87,-5.15
A,87,-68.91,-47.47
A,88,16.30,81.41
A,89,-73.20,-12.63
A,90,-75.51,-16.22
A,91,93.75,14.16
A,92,-54.44,-82.92
A,93,167.00,94.22
A,94,-122.43,117.83
A,95,-100.06,139.34
A,96,-110.67,-24.19
A,97,-70.76,-1.17
A,98,-56.17,-55.37
A,99,-30.04,-62.75
A,100,-62.54,-39.71
A,101,-50.19,-22.87
A,102,-107.12,-13.25
A,103,-76.45,13.60
A,104,-130.71,-39.83
A,105,-73.28,-11.27
A,106,-92.82,-34.32
A,107,-57.71,46.96
A,108,178.73,-85.38
A,109,-59.75,23.33
A,110,-119.80,-47.02
A,111,-61.77,-38.77
A,112,-54.25,-87.39
A,113,-48.64,-23.32
A,114,-87.95,11.05
A,115,-117.23,4.88
A,116,-119.06,42.36
A,117,-143.23,-2.54
A,118,-77.85,-50.94
A,119,-107.40,6.32
A,120,-77.59,-51.39
A,121,-71.46,-15.86
A,122,-74.07,-24.28
A,123,-130.32,29.96
A,124,-94.20,-16.35
A,125,-92.71,18.73
A,126,-135.11,-9.70
A,127,-104.28,-13.08
A,128,-82.48,-45.87
A,129,-54.53,-13.11
A,130,-103.61,-4.30
A,131,-114.57,-45.30
A,132,-65.86,70.95
A,133,174.14,-30.42
A,134,-107.57,-26.64
A,135,-80.19,-34.41
A,136,-155.91,101.61
A,137,-67.41,118.78
A,138,-53.59,81.57
A,139,-30.18,136.31
A,140,-32.59,122.44
A,141,96.73,69.02
A,142,-64.70,114.40
A,143,-82.21,59.02
A,144,-4.59,111.38
A,145,-156.28,-13.40
A,146,55.14,-10.14
A,147,-108.51,5.98
A,148,-114.81,31.43
A,149,-116.13,-49.74
A,150,-65.96,7.57
A,151,-110.55,-17.11
A,152,-48.18,-38.95
A,153,-54.54,-8.94
A,154,-58.23,12.73
A,155,177.09,-28.27
A,156,-64.88,-44.75
A,157,-82.12,5.53
A,158,-89.17,-22.66
A,159,-91.52,-21.48
A,160,-68.56,-41.73
A,161,-77.12,-19.43
A,162,-92.70,10.15
A,163,-88.63,-9.79
A,164,-97.59,-7.37
A,165,-134.24,-18.37
A,166,-144.09,103.36
A,167,-122.94,-137.41
A,168,50.77,35.15
A,169,-99.96,158.18
A,170,-90.80,100.49
A,171,-133.67,163.62
A,172,-141.47,116.00
A,173,-122.18,167.39
A,174,-99.01,145.57
A,210,-15.23,41.40
A,211,-91.41,-90.70
A,212,-163.06,-102.91
A,213,84.18,24.29
A,214,-103.97,133.48
A,215,-97.75,97.43
A,216,-117.21,-135.10
A,217,-155.61,167.15
A,218,-86.29,-19.32
A,219,-88.44,-35.94
A,220,-57.59,-169.38
A,221,51.20,-47.10
A,222,-65.33,-44.48
A,223,-72.82,-18.24
A,224,-83.41,-85.55
A,225,-19.22,-60.92
A,226,-30.28,-69.84
A,227,-47.59,-69.55
A,228,-60.42,28.23
A,229,-140.09,-30.36
A,230,-63.45,-10.53
A,231,-74.73,-54.13
A,232,-60.57,-22.55
A,233,-73.98,69.08
A,234,-14.90,123.01
A,235,-129.42,33.32
A,236,-102.97,142.55
A,237,28.81,32.48
A,238,-127.21,-53.71
A,239,-70.19,-9.70
A,240,-100.31,-112.61
A,241,5.57,-53.95
A,242,-81.44,-33.84
A,243,-60.61,-39.48
A,244,-53.09,-57.21
A,245,-45.21,-48.16
A,246,-30.37,-87.65
A,247,-37.73,-83.90
A,248,-27.80,-65.05
A,249,-53.30,-54.18
A,250,146.25,154.68
A,251,-113.45,-140.56
A,252,-163.00,125.11
A,253,-115.93,132.74
A,254,-116.49,109.00
A,255,-94.01,102.15
A,256,-86.67,127.11
A,257,96.45,3.77
A,258,-16.45,-50.80
A,259,-44.38,-36.08
A,260,-80.32,9.35
A,261,-109.92,25.49
A,262,-144.07,159.49
A,263,-86.40,-67.45
A,264,-5.36,115.91
A,265,-46.49,-160.36
A,266,76.36,-115.53
A,267,-81.49,-27.12
A,268,-109.76,39.01
A,269,-140.26,114.69
A,270,-75.78,-73.73
A,271,-125.07,-174.50
A,272,-83.53,28.59
A,273,-80.96,19.51
A,274,-124.19,-39.80
A,275,-26.65,-63.59
A,276,-38.85,-46.51
A,277,-50.77,-47.55
A,278,-53.68,-44.13
A,279,-58.59,-80.78
A,280,-14.81,-64.95
A,281,-44.54,-68.25
A,282,5.77,-103.98
A,283,-18.69,-49.93
A,284,-47.69,-70.26
A,285,-62.27,-36.53
A,286,-82.05,-7.69
A,287,103.64,96.33
A,288,-148.08,173.87
A,289,-102.20,152.72
A,290,-130.64,145.53
A,291,-81.39,145.53
A,292,-163.56,156.75
A,293,-37.39,-111.14
A,294,-69.35,75.91
A,295,101.42,164.95
A,296,-82.11,120.35
A,297,-105.74,149.69
A,298,-111.58,122.16
A,299,-77.75,-34.91
A,300,-8.18,-60.66
A,301,-104.68,-12.20
A,302,-44.75,150.48
A,303,-95.81,137.53
A,304,-127.37,139.76
A,305,-143.10,109.17
A,306,-105.14,123.97
A,307,-101.96,-165.67
A,308,101.42,172.47
A,309,-110.89,-28.20
A,310,62.23,50.91
A,311,-96.03,-13.55
A,312,-85.18,-55.21
A,313,-121.06,-134.11
A,314,-160.77,142.57
A,315,-61.92,-34.54
A,316,-52.46,-8.07
A,317,-103.04,31.52
A,318,-96.99,163.88
A,319,-57.20,139.89
A,320,-40.72,-53.88
A,321,-47.92,-64.82
A,322,-47.43,-54.91
A,323,-40.62,-28.44
A,324,-102.27,2.10
A,325,-114.13,-2.65
A,326,-107.37,63.47
A,327,-52.63,-54.26
A,328,-85.40,121.57
A,329,-114.09,140.21
A,330,-147.80,146.75
A,331,-103.02,160.73
A,332,-131.83,166.40
A,333,-141.56,147.12
A,334,-71.09,136.62
A,335,-58.72,162.10
A,336,-108.33,156.28
A,337,-17.68,-53.70
A,338,-66.41,-65.52
A,339,-33.63,-39.92
A,340,-69.09,-63.88
A,341,-29.16,-57.87
A,342,-65.69,-35.20
A,343,-63.76,-33.62
A,344,-61.63,-28.63
A,345,-128.75,-49.26
A,346,-61.55,-18.83
A,347,-57.30,135.87
A,348,-74.07,-26.76
A,349,-86.26,8.25
A,350,-6.57,140.36
A,351,-51.42,-89.48
A,352,-8.51,-45.24
A,353,-75.87,-53.09
A,354,-23.39,-52.67
A,355,-58.36,-76.19
A,356,-26.33,-83.09
A,357,-52.81,-38.27
A,358,-63.97,-56.12
A,359,-52.87,-40.69
A,360,-55.68,-46.04
A,361,-45.30,-14.16
A,362,-98.62,-9.09
A,363,109.89,28.67
A,364,-125.42,114.69
A,365,-67.74,143.73
A,366,-129.46,146.89
A,367,-141.69,128.12
A,368,-96.56,123.08
A,369,-67.90,168.89
A,370,-54.86,-36.37
A,371,-93.18,-0.21
A,372,-106.28,-47.80
A,373,-44.75,-33.55
A,374,-59.43,-72.85
A,375,-60.73,-32.01
A,376,-44.32,-75.28
A,377,-37.06,-58.89
A,378,-40.81,-46.25
A,379,-65.14,-53.64
A,380,-50.99,-41.45
A,381,-68.76,-49.07
A,382,-58.38,-39.78
A,383,-68.97,-43.37
A,384,-59.57,-25.17
A,385,-86.98,0.94
A,386,-116.80,-41.77
A,387,-83.04,-107.02
A,388,-136.56,160.48
A,389,-99.69,120.25
A,390,-105.11,-0.42
A,391,98.33,-173.83
A,392,-33.19,-14.19
A,393,-59.43,-56.96
A,394,-37.41,-38.79
A,395,-49.50,-59.14
A,396,-34.99,-48.02
A,397,-79.51,-47.83
A,398,-52.90,-50.34
A,399,-49.96,-76.49
A,400,-43.57,-11.96
A,401,-90.22,-43.86
A,402,-37.71,-63.10
A,403,-61.00,-19.27
A,404,-41.03,-53.84
A,405,-38.27,-93.34
A,406,-36.00,-67.83
A,407,-45.04,-32.58
A,408,-81.74,-65.58
A,409,-58.60,-3.53
A,410,-52.81,-38.84
A,411,-68.80,-1.80
A,412,-98.51,-40.95
A,413,-66.08,6.02
A,414,-9.17,93.34
A,415,85.81,-62.27
A,416,-30.49,140.19
A,417,-121.29,145.33
A,418,-131.42,152.43
A,419,-112.30,105.03
A,420,-113.13,117.08
A,421,-157.17,159.21
A,422,-24.39,-71.39
A,423,-45.18,-35.26
A,424,-63.76,-75.57
A,425,-17.18,-76.56
A,426,-55.42,-20.57
A,427,-71.68,-49.05
A,428,-91.36,17.97
A,429,-129.04,-79.11
A,430,3.51,-70.68
A,431,-85.58,93.33
A,432,175.88,-85.16
A,433,-26.77,-37.66
A,434,-63.38,-52.75
A,435,-82.37,28.10
A,436,26.28,-85.14
A,437,-58.32,-24.51
A,438,-63.37,-68.80
A,439,-34.14,-43.01
A,440,-44.97,-41.81
A,441,-81.63,-53.43
A,442,-110.51,18.29
A,443,-146.89,
A,905,,
B,1,,166.37
B,2,-85.04,-77.71
B,3,44.87,-128.54
B,4,107.93,140.81
B,5,-87.06,130.92
B,6,-4.69,-74.72
B,7,-53.67,-48.24
B,8,-44.97,-50.46
B,9,-56.04,-51.97
B,10,-49.76,-62.37
B,11,-52.05,-41.19
B,12,-67.28,-27.47
B,13,-59.03,-69.71
B,14,-43.44,-3.72
B,15,-77.10,-38.04
B,16,-133.28,28.95
B,17,-147.92,86.61
B,18,-63.50,139.92
B,19,64.41,-152.88
B,20,54.82,40.49
B,21,-53.70,-50.94
B,22,-41.60,-40.05
B,23,-58.51,-77.63
B,24,-28.49,-69.60
B,25,-24.19,-73.27
B,26,-45.92,-78.48
B,27,-25.54,-46.00
B,28,-67.98,-43.58
B,29,-56.33,-14.14
B,30,-91.97,-30.87
B,31,-87.70,-22.28
B,32,-85.69,-46.01
B,33,-52.08,-38.60
B,34,-34.08,-87.91
B,35,-38.63,-71.35
B,36,-18.83,-69.70
B,37,-18.12,-89.90
B,38,-23.64,-55.14
B,39,-62.85,47.15
B,40,-126.89,-93.69
B,41,-150.09,-128.92
B,42,-111.27,-45.42
B,43,-44.81,-73.71
B,44,-77.87,-5.31
B,45,-67.06,-25.49
B,46,-119.67,6.62
B,47,-110.69,-9.36
B,48,-103.74,146.02
B,49,-132.90,110.63
B,50,-35.81,120.78
B,51,-77.20,73.10
B,52,-57.05,149.65
B,53,-124.65,138.21
B,54,-108.85,120.02
B,55,-112.93,77.48
B,56,-77.66,125.64
B,57,155.10,155.42
B,58,-28.33,170.67
B,59,-104.27,146.02
B,60,72.39,42.75
B,61,-131.33,-10.74
B,62,127.55,10.24
B,63,-38.52,-65.21
B,64,-41.73,-60.87
B,65,-69.05,-29.04
B,66,-60.44,-34.28
B,67,-83.49,-50.52
B,68,-44.07,-47.14
B,69,-77.10,-52.74
B,70,-37.56,-47.84
B,71,-70.61,-46.07
B,72,-48.33,-28.36
B,73,-100.68,-17.05
B,74,-63.40,-29.10
B,75,55.58,41.62
B,76,-86.80,151.23
B,77,-77.73,145.55
B,78,-147.45,135.58
B,79,-143.41,145.96
B,80,-112.40,115.13
B,81,-108.35,126.36
B,82,-67.67,141.84
B,83,-74.05,-52.71
B,84,-13.77,-90.64
B,85,-8.86,-58.78
B,86,-67.88,-7.38
B,87,-65.11,-46.10
B,88,18.94,86.59
B,89,-80.02,-10.38
B,90,-74.98,-13.24
B,91,85.47,13.15
B,92,-51.06,-85.51
B,93,160.79,96.99
B,94,-124.39,126.13
B,95,-104.46,142.17
B,96,-99.68,-18.59
B,97,-72.15,-10.31
B,98,-47.24,-68.76
B,99,-22.03,-62.73
B,100,-55.45,-46.01
B,101,-49.82,-8.91
B,102,-115.00,-18.37
B,103,-78.50,35.96
B,104,-143.65,-42.77
B,105,-62.01,-13.43
B,106,-95.10,-41.18
B,107,-55.52,43.98
B,108,-166.19,-77.77
B,109,-65.06,24.15
B,110,-119.80,-43.45
B,111,-66.73,-41.71
B,112,-53.40,-81.17
B,113,-52.89,-25.55
B,114,-84.89,16.37
B,115,-120.86,-1.71
B,116,-116.47,52.18
B,117,-147.60,1.01
B,118,-84.31,-41.92
B,119,-113.54,8.09
B,120,-79.89,-52.82
B,121,-69.27,-14.73
B,122,-78.05,-17.08
B,123,-133.83,31.53
B,124,-98.87,-14.81
B,125,-95.24,19.77
B,126,-132.28,-5.51
B,127,-105.26,-12.45
B,128,-82.17,-49.30
B,129,-46.36,-13.04
B,130,-109.08,-0.74
B,131,-118.44,-44.17
B,132,-68.37,74.76
B,133,178.23,-30.82
B,134,-110.27,-24.78
B,135,-80.56,-28.21
B,136,-160.13,97.29
B,137,-67.20,122.08
B,138,-54.23,82.47
B,139,-27.45,126.25
B,140,-20.75,122.96
B,141,95.68,66.59
B,142,-61.23,103.76
B,143,-74.11,51.74
B,144,8.23,100.28
B,145,-148.24,-6.65
B,146,50.58,-10.76
B,147,-110.73,9.91
B,148,-117.60,33.10
B,149,-119.57,-40.60
B,150,-71.98,7.11
B,151,-108.63,-16.46
B,152,-47.46,-39.05
B,153,-54.45,-11.94
B,154,-56.77,17.41
B,155,172.15,-27.99
B,156,-62.73,-48.96
B,157,-79.86,7.91
B,158,-93.81,-20.37
B,159,-91.62,-25.61
B,160,-64.45,-42.90
B,161,-76.76,-14.18
B,162,-96.82,13.04
B,163,-91.72,-13.87
B,164,-94.40,-4.61
B,165,-138.15,-15.36
B,166,-145.95,103.39
B,167,-126.16,-137.51
B,168,49.04,36.90
B,169,-101.26,159.41
B,170,-91.82,101.43
B,171,-133.56,172.56
B,172,-149.58,119.37
B,173,-124.54,168.70
B,174,-94.92,143.49
B,210,-14.64,44.92
B,211,-97.57,-88.33
B,212,-164.17,-107.48
B,213,91.80,26.42
B,214,-108.29,138.59
B,215,-105.39,101.17
B,216,-121.82,-135.71
B,217,-150.79,163.24
B,218,-80.27,-25.65
B,219,-84.61,-34.35
B,220,-60.79,-173.20
B,221,56.80,-55.40
B,222,-56.14,-47.85
B,223,-72.29,-12.83
B,224,-88.54,-82.52
B,225,-24.02,-54.85
B,226,-34.42,-72.08
B,227,-45.03,-60.65
B,228,-69.34,31.31
B,229,-140.64,-33.58
B,230,-55.05,-14.31
B,231,-80.06,-46.80
B,232,-65.72,-19.82
B,233,-77.73,75.66
B,234,-21.95,127.48
B,235,-129.72,31.69
B,236,-104.78,129.29
B,237,46.89,29.70
B,238,-130.92,-52.96
B,239,-72.05,-9.58
B,240,-103.26,-114.94
B,241,10.50,-46.79
B,242,-93.21,-36.88
B,243,-56.01,-47.37
B,244,-49.16,-59.40
B,245,-44.88,-37.47
B,246,-42.22,-86.62
B,247,-31.94,-75.14
B,248,-32.86,-69.24
B,249,-41.63,-51.44
B,250,142.02,139.14
B,251,-114.52,-133.00
B,252,-168.50,123.71
B,253,-110.71,131.01
B,254,-113.98,112.59
B,255,-94.47,100.09
B,256,-91.12,130.49
B,257,98.20,0.39
B,258,-23.40,-54.08
B,259,-40.40,-36.51
B,260,-72.70,8.20
B,261,-113.89,30.21
B,262,-155.57,161.06
B,263,-78.13,-77.56
B,264,25.39,92.88
B,265,-38.81,-169.28
B,266,83.16,-121.46
B,267,-69.32,-37.08
B,268,-105.85,32.80
B,269,-140.99,106.74
B,270,-64.03,-79.74
B,271,-122.86,-178.34
B,272,-89.74,25.48
B,273,-77.58,20.81
B,274,-124.60,-42.02
B,275,-33.16,-53.52
B,276,-35.65,-48.33
B,277,-62.72,-32.44
B,278,-56.18,-41.56
B,279,-65.30,-78.23
B,280,-15.59,-66.79
B,281,-34.92,-61.77
B,282,-13.38,-88.66
B,283,-26.52,-49.10
B,284,-45.04,-75.64
B,285,-53.94,-38.59
B,286,-85.21,-12.58
B,287,111.78,99.77
B,288,-145.52,172.72
B,289,-103.16,171.18
B,290,-143.43,150.05
B,291,-85.69,137.31
B,292,-159.02,172.90
B,293,-42.29,-106.55
B,294,-68.14,77.36
B,295,93.79,156.61
B,296,-77.49,131.49
B,297,-108.08,143.35
B,298,-108.12,112.99
B,299,-63.42,-49.92
B,300,13.93,-70.40
B,301,-100.47,-9.48
B,302,-44.64,143.85
B,303,-99.78,140.90
B,304,-123.33,134.58
B,305,-135.05,106.77
B,306,-103.83,117.80
B,307,-95.86,-169.58
B,308,103.70,169.82
B,309,-112.61,-28.96
B,310,62.74,49.13
B,311,-84.25,-22.00
B,312,-84.43,-53.45
B,313,-123.24,-135.81
B,314,-154.76,146.73
B,315,-63.65,-34.43
B,316,-45.49,-8.08
B,317,-105.55,12.74
B,318,-82.33,164.23
B,319,-42.11,138.28
B,320,-53.86,-47.64
B,321,-43.04,-72.71
B,322,-39.87,-56.52
B,323,-35.72,-29.07
B,324,-110.97,7.52
B,325,-113.89,6.92
B,326,-117.61,58.46
B,327,-52.95,-52.91
B,328,-88.91,110.59
B,329,-107.27,144.31
B,330,-155.57,144.76
B,331,-98.46,153.18
B,332,-121.99,162.21
B,333,-137.23,157.56
B,334,-76.06,146.49
B,335,-68.13,162.47
B,336,-108.52,154.27
B,337,-11.07,-62.26
B,338,-59.55,-66.71
B,339,-33.64,-41.68
B,340,-66.40,-74.25
B,341,-21.13,-54.45
B,342,-70.80,-36.79
B,343,-65.01,-28.03
B,344,-67.09,-31.14
B,345,-121.27,-44.79
B,346,-66.10,-16.08
B,347,-62.05,133.05
B,348,-73.77,-22.11
B,349,-93.52,11.85
B,350,-6.37,145.69
B,351,-60.18,-81.06
B,352,-12.11,-45.06
B,353,-78.04,-51.50
B,354,-25.81,-48.88
B,355,-60.57,-76.72
B,356,-24.29,-73.73
B,357,-57.04,-46.15
B,358,-56.05,-63.50
B,359,-52.49,-31.81
B,360,-66.88,-41.58
B,361,-39.47,-24.08
B,362,-99.76,4.00
B,363,97.49,29.08
B,364,-125.51,120.76
B,365,-76.11,144.80
B,366,-136.62,148.44
B,367,-152.10,125.27
B,368,-104.29,129.03
B,369,-72.30,167.42
B,370,-51.62,-39.38
B,371,-97.01,7.72
B,372,-108.54,-46.62
B,373,-46.42,-25.81
B,374,-69.85,-63.41
B,375,-61.10,-44.50
B,376,-32.86,-73.30
B,377,-44.60,-59.93
B,378,-36.33,-41.48
B,379,-71.10,-45.95
B,380,-50.36,-45.88
B,381,-73.46,-43.77
B,382,-61.18,-39.46
B,383,-68.12,-45.54
B,384,-60.01,-20.85
B,385,-86.77,0.31
B,386,-121.54,-42.18
B,387,-81.44,-107.86
B,388,-134.58,154.86
B,389,-94.19,123.81
B,390,-110.09,-0.47
B,391,97.12,-171.82
B,392,-35.58,-14.10
B,393,-56.60,-56.66
B,394,-35.47,-45.24
B,395,-46.29,-60.97
B,396,-29.06,-61.01
B,397,-70.40,-45.50
B,398,-54.09,-50.72
B,399,-49.43,-75.04
B,400,-42.76,-10.56
B,401,-95.49,-35.90
B,402,-47.14,-61.63
B,403,-66.78,-17.04
B,404,-43.64,-51.36
B,405,-38.16,-95.62
B,406,-35.33,-66.17
B,407,-41.56,-35.65
B,408,-79.85,-69.57
B,409,-54.35,-2.60
B,410,-54.81,-40.38
B,411,-68.57,0.63
B,412,-95.36,-41.63
B,413,-61.98,-7.59
B,414,3.61,96.49
B,415,80.07,-59.46
B,416,-28.90,144.88
B,417,-124.39,148.92
B,418,-134.23,148.23
B,419,-103.65,111.58
B,420,-115.94,118.90
B,421,-155.13,159.86
B,422,-24.50,-73.96
B,423,-45.29,-28.73
B,424,-73.29,-79.91
B,425,-9.94,-85.26
B,426,-53.00,-17.60
B,427,-74.29,-45.09
B,428,-94.03,19.16
B,429,-126.93,-82.53
B,430,5.39,-66.55
B,431,-90.16,94.67
B,432,167.26,-93.87
B,433,-23.65,-34.86
B,434,-66.89,-55.00
B,435,-80.88,22.28
B,436,32.88,-90.81
B,437,-48.06,-23.56
B,438,-71.96,-67.76
B,439,-27.83,-42.99
B,440,-46.87,-51.69
B,441,-71.44,-53.03
B,442,-114.01,14.03
B,443,-131.03,
B,906,,
D,2,,-167.57
D,3,-114.11,166.71
D,4,-66.10,144.48
D,5,-88.13,-61.53
D,6,157.48,154.97
D,7,-100.75,155.98
D,8,-92.19,136.96
D,9,-136.36,141.36
D,10,-142.06,130.30
D,11,-117.27,140.68
D,12,-151.67,161.80
D,13,-131.84,90.63
D,14,-131.65,129.26
D,15,52.33,43.59
D,16,70.82,11.70
D,17,-102.64,152.61
D,18,-129.93,129.09
D,19,-140.91,139.96
D,20,-131.47,108.31
D,21,-101.78,139.14
D,22,-140.39,149.88
D,23,-74.68,175.17
D,24,-100.41,-10.57
D,25,-60.04,113.29
D,26,-103.95,110.46
D,27,-104.59,108.80
D,28,-89.28,-179.82
D,29,35.71,-156.21
D,30,-66.05,-50.76
D,31,-134.92,-23.00
D,32,-67.03,146.55
D,33,-116.83,126.87
D,34,-92.80,-49.42
D,35,-123.45,155.23
D,36,-110.17,8.00
D,37,-125.18,-29.73
D,38,-23.41,129.20
D,39,-73.66,101.04
D,40,-120.90,12.47
D,41,-105.39,110.75
D,42,-110.55,163.74
D,43,-99.60,132.39
D,44,-126.24,133.68
D,45,73.28,76.72
D,46,35.83,71.78
D,47,29.74,39.16
D,48,-98.62,-30.83
D,49,-121.62,148.29
D,50,-107.51,140.27
D,51,-150.11,130.84
D,52,-118.50,140.11
D,53,-107.33,-173.30
D,54,-126.08,-25.86
D,55,-104.85,-134.86
D,56,-94.08,139.66
D,57,-67.40,-20.45
D,58,-63.44,-70.11
D,59,-48.54,-41.14
D,60,-56.29,-72.55
D,61,-39.47,-72.92
D,62,-34.08,-60.35
D,63,-53.32,-56.86
D,64,-35.06,-36.65
D,65,-85.88,-52.75
D,66,-41.98,-30.72
D,67,-84.66,-22.51
D,68,-69.43,-82.99
D,69,-17.58,-44.61
D,70,-93.78,-9.15
D,71,-77.63,-46.59
D,72,-57.65,-67.42
D,73,-27.12,-17.79
D,74,-150.10,48.84
D,75,43.21,43.09
D,76,107.82,-12.57
D,77,-80.81,91.45
D,78,-38.59,-75.39
D,79,-43.03,-55.76
D,80,-45.14,-54.82
D,81,-77.10,-41.00
D,82,-37.30,-67.65
D,83,-52.98,-56.74
D,84,-61.52,-12.20
D,85,-84.18,-46.56
D,86,-47.34,-63.78
D,87,-39.16,-50.04
D,88,-71.38,-30.30
D,89,-84.21,-36.90
D,90,-68.92,-33.75
D,91,-81.41,-50.99
D,92,-45.38,132.35
D,93,-63.40,-30.64
D,94,-102.62,-24.84
D,95,-107.01,-28.77
D,96,-55.16,-40.93
D,97,-79.01,-20.66
D,98,-56.08,142.30
D,99,-76.62,-59.95
D,100,-65.42,164.83
D,101,-114.28,-172.10
D,102,-131.89,132.33
D,103,-111.15,124.85
D,104,-126.89,133.43
D,105,-146.98,158.28
D,106,-128.14,179.14
D,107,-35.06,-47.09
D,108,-97.24,-50.73
D,109,-145.51,-176.72
D,110,-154.82,124.17
D,111,-139.29,138.23
D,112,-96.91,140.43
D,113,-149.60,124.24
D,114,-124.91,148.53
D,115,-55.79,-14.93
D,116,-96.88,-10.25
D,117,100.05,13.79
D,118,-81.09,148.78
D,119,-142.32,121.80
D,120,-119.56,138.72
D,121,-123.63,114.15
D,122,-76.82,131.02
D,123,-62.43,-36.30
D,124,-111.62,18.50
D,125,71.02,24.25
D,126,-127.69,130.52
D,127,-128.50,154.48
D,128,-158.98,129.42
D,129,-128.88,167.09
D,130,88.94,-155.40
D,131,-61.35,-58.66
D,132,-81.99,-2.41
D,133,-19.73,-71.11
D,134,-53.54,-53.09
D,135,-40.81,-62.37
D,136,-62.04,-26.19
D,137,-68.88,-24.34
D,138,-78.76,-42.08
D,139,-65.01,-51.51
D,140,-42.85,-86.36
D,141,-19.45,-33.79
D,142,-93.01,-42.30
D,143,-57.10,-56.37
D,144,-52.09,-61.01
D,145,-43.28,-39.53
D,146,-107.29,-32.29
D,147,-131.16,50.33
D,148,-58.97,-62.92
D,149,-42.12,-64.67
D,150,-56.21,-25.06
D,151,-142.24,175.60
D,152,-94.64,-177.65
D,153,-59.06,-91.31
D,154,-13.31,-64.86
D,155,-64.41,-42.14
D,156,-64.98,-47.66
D,157,-61.71,-40.78
D,158,-53.12,-49.76
D,159,-68.61,-38.07
D,160,-46.33,-69.32
D,161,-44.63,-48.42
D,162,-43.21,-50.21
D,163,-74.52,-47.64
D,164,-30.64,-64.66
D,165,-62.77,-15.16
D,166,-76.74,-51.31
D,167,-84.90,-40.08
D,168,-93.48,124.14
D,169,-77.24,-18.86
D,170,-86.14,-4.37
D,171,-122.32,144.50
D,172,-137.63,156.14
D,173,-51.46,-40.28
D,174,-72.57,113.15
D,175,-113.04,129.35
D,176,-92.45,132.43
D,177,-125.78,139.22
D,178,-146.33,141.34
D,179,-145.33,159.99
D,180,-101.72,172.07
D,181,-97.89,
C,2,,-165.89
C,3,-113.97,165.85
C,4,-68.09,142.07
C,5,-88.95,-10.62
C,6,118.84,153.63
C,7,-97.61,155.42
C,8,-94.77,144.90
C,9,-147.47,138.38
C,10,-136.91,124.88
C,11,-114.94,139.42
C,12,-147.46,152.88
C,13,-128.47,99.78
C,14,-132.31,128.31
C,15,51.96,43.41
C,16,65.70,16.71
C,17,-100.06,148.81
C,18,-128.34,121.34
C,19,-142.14,141.36
C,20,-138.54,110.68
C,21,-102.79,143.44
C,22,-142.95,151.66
C,23,-77.40,174.42
C,24,-99.41,-19.64
C,25,-52.61,114.00
C,26,-102.94,111.07
C,27,-101.89,111.42
C,28,-90.36,175.42
C,29,39.84,-158.17
C,30,-64.41,-45.18
C,31,-138.05,-22.23
C,32,-73.03,144.58
C,33,-118.27,125.59
C,34,-88.22,-52.97
C,35,-119.54,158.72
C,36,-114.01,5.64
C,37,-124.68,-27.26
C,38,-19.09,122.74
C,39,-69.70,99.96
C,40,-116.03,7.91
C,41,-102.78,114.81
C,42,-114.16,167.18
C,43,-105.58,131.48
C,44,-126.58,136.81
C,45,73.28,75.00
C,46,41.70,67.91
C,47,31.58,35.39
C,48,-98.28,-26.37
C,49,-127.85,146.01
C,50,-102.95,142.93
C,51,-152.14,124.16
C,52,-116.93,141.86
C,53,-110.90,-178.81
C,54,-117.36,-24.43
C,55,-106.71,-138.08
C,56,-89.59,142.88
C,57,-68.60,-23.32
C,58,-62.56,-71.24
C,59,-46.82,-46.60
C,60,-50.58,-75.89
C,61,-37.62,-69.58
C,62,-34.76,-57.25
C,63,-56.51,-56.54
C,64,-34.78,-38.95
C,65,-83.23,-51.39
C,66,-47.82,-25.63
C,67,-81.73,-31.18
C,68,-66.25,-78.83
C,69,-19.61,-45.01
C,70,-91.60,-15.67
C,71,-70.46,-48.97
C,72,-53.81,-70.39
C,73,-30.96,-16.69
C,74,-146.81,48.66
C,75,42.57,41.68
C,76,107.82,-13.32
C,77,-81.36,87.43
C,78,-37.11,-77.40
C,79,-35.89,-56.83
C,80,-51.94,-50.71
C,81,-74.42,-40.00
C,82,-41.56,-65.83
C,83,-53.58,-61.65
C,84,-59.10,-9.77
C,85,-80.01,-45.33
C,86,-52.23,-57.07
C,87,-43.57,-50.08
C,88,-67.82,-38.38
C,89,-75.69,-44.64
C,90,-58.31,-36.88
C,91,-83.16,-48.22
C,92,-51.95,133.05
C,93,-60.73,-27.81
C,94,-107.08,-20.66
C,95,-114.86,-27.21
C,96,-58.38,-38.73
C,97,-69.81,-23.36
C,98,-59.08,136.44
C,99,-70.39,-59.41
C,100,-68.59,174.75
C,101,-118.40,-171.38
C,102,-132.09,125.68
C,103,-103.63,121.17
C,104,-122.96,135.64
C,105,-147.84,159.20
C,106,-128.15,-177.96
C,107,-42.07,-35.04
C,108,-102.43,-51.71
C,109,-150.18,-176.99
C,110,-156.84,126.35
C,111,-140.09,135.20
C,112,-92.68,140.71
C,113,-145.72,123.51
C,114,-120.85,140.79
C,115,-37.99,-25.43
C,116,-100.13,-11.01
C,117,103.81,17.88
C,118,-76.17,154.39
C,119,-145.41,126.12
C,120,-121.38,141.89
C,121,-126.04,115.79
C,122,-74.88,128.05
C,123,-61.57,-35.52
C,124,-111.90,16.99
C,125,76.36,23.32
C,126,-131.71,128.40
C,127,-126.89,154.46
C,128,-160.19,133.98
C,129,-125.62,166.09
C,130,84.66,-157.71
C,131,-53.80,-60.69
C,132,-86.98,11.11
C,133,-34.57,-72.57
C,134,-45.56,-49.64
C,135,-53.79,-56.55
C,136,-58.62,-32.11
C,137,-62.46,-24.13
C,138,-93.48,-24.84
C,139,-74.17,-51.69
C,140,-44.57,-84.59
C,141,-32.20,-19.42
C,142,-89.86,-51.39
C,143,-63.58,-54.07
C,144,-44.77,-69.47
C,145,-35.28,-40.50
C,146,-107.87,-37.78
C,147,-132.77,53.74
C,148,-54.13,-64.68
C,149,-49.74,-55.55
C,150,-59.66,-26.66
C,151,-133.97,176.33
C,152,-92.69,173.30
C,153,-54.61,-99.89
C,154,-6.08,-60.99
C,155,-61.85,-49.01
C,156,-61.09,-37.18
C,157,-75.04,-42.17
C,158,-47.65,-50.35
C,159,-69.05,-35.39
C,160,-45.37,-70.25
C,161,-40.33,-49.95
C,162,-47.79,-51.62
C,163,-64.24,-52.97
C,164,-36.45,-65.14
C,165,-54.29,-10.46
C,166,-96.23,-33.64
C,167,-96.05,-31.89
C,168,-99.87,121.19
C,169,-68.94,-28.00
C,170,-94.52,8.76
C,171,-130.60,139.35
C,172,-135.09,153.74
C,173,-53.89,-37.41
C,174,-68.94,105.59
C,175,-103.50,129.96
C,176,-97.53,141.27
C,177,-129.43,132.69
C,178,-141.01,146.70
C,179,-148.83,158.40
C,180,-102.86,172.49
C,181,-104.02,
